{
  "userId": "zsvLTeIPJUYGnZHzWX7hVtLJlJX2",
  "faces": {
    "124772bc-4cd4-45c0-bd73-8df39f4869fa": {
      "fileId": "file_1755659985239_7le2TjzJGZ",
      "faceId": "124772bc-4cd4-45c0-bd73-8df39f4869fa",
      "boundingBox": {
        "Width": 0.09988665580749512,
        "Left": 0.25272107124328613,
        "Top": 0.3563266396522522,
        "Height": 0.17588859796524048
      },
      "confidence": 99.99398040771484
    },
    "141ea1c0-d238-43ee-b634-334cec2941f9": {
      "fileId": "file_1755659985239_7le2TjzJGZ",
      "faceId": "141ea1c0-d238-43ee-b634-334cec2941f9",
      "boundingBox": {
        "Width": 0.09364288300275803,
        "Left": 0.6943272352218628,
        "Top": 0.3971301019191742,
        "Height": 0.15861649811267853
      },
      "confidence": 99.99815368652344
    },
    "7792f10e-6ae7-4e66-80d3-fbdd14799fcf": {
      "fileId": "file_1755659986536_HA8cvhthi5",
      "faceId": "7792f10e-6ae7-4e66-80d3-fbdd14799fcf",
      "boundingBox": {
        "Width": 0.16753380000591278,
        "Left": 0.10451339930295944,
        "Top": 0.43101266026496887,
        "Height": 0.14218923449516296
      },
      "confidence": 99.99828338623047
    },
    "47184919-41ae-4f45-92c0-21fc80f20d69": {
      "fileId": "file_1755659986536_HA8cvhthi5",
      "faceId": "47184919-41ae-4f45-92c0-21fc80f20d69",
      "boundingBox": {
        "Width": 0.1198720708489418,
        "Left": 0.3847759962081909,
        "Top": 0.3527323603630066,
        "Height": 0.12410437315702438
      },
      "confidence": 99.99880981445312
    },
    "0a691022-32ce-4bdd-a4d3-6e0fd7e10777": {
      "fileId": "file_1755659986536_HA8cvhthi5",
      "faceId": "0a691022-32ce-4bdd-a4d3-6e0fd7e10777",
      "boundingBox": {
        "Width": 0.13683149218559265,
        "Left": 0.5439437031745911,
        "Top": 0.36334988474845886,
        "Height": 0.10416275262832642
      },
      "confidence": 99.99932098388672
    },
    "13f72f70-7bc3-4e7d-8792-7c374e1cdec9": {
      "fileId": "file_1755659986536_HA8cvhthi5",
      "faceId": "13f72f70-7bc3-4e7d-8792-7c374e1cdec9",
      "boundingBox": {
        "Width": 0.12105781584978104,
        "Left": 0.7886791825294495,
        "Top": 0.3401533365249634,
        "Height": 0.11029171943664551
      },
      "confidence": 99.9932632446289
    },
    "a586c272-944c-48da-913f-fe848d2b9db5": {
      "fileId": "file_1755659987594_8VOMGbAoEd",
      "faceId": "a586c272-944c-48da-913f-fe848d2b9db5",
      "boundingBox": {
        "Width": 0.1578148454427719,
        "Left": 0.4386110305786133,
        "Top": 0.24544014036655426,
        "Height": 0.16429105401039124
      },
      "confidence": 99.99461364746094
    },
    "06798a08-0d51-4464-bbbf-b8dd7ad45da8": {
      "fileId": "file_1755659988640_Pa68yHCb0p",
      "faceId": "06798a08-0d51-4464-bbbf-b8dd7ad45da8",
      "boundingBox": {
        "Width": 0.1708851307630539,
        "Left": 0.6155354380607605,
        "Top": 0.21582844853401184,
        "Height": 0.16775935888290405
      },
      "confidence": 99.99707794189453
    },
    "3af90906-7992-4176-aac5-e02525c9d386": {
      "fileId": "file_1755659988640_Pa68yHCb0p",
      "faceId": "3af90906-7992-4176-aac5-e02525c9d386",
      "boundingBox": {
        "Width": 0.1528855711221695,
        "Left": 0.34683939814567566,
        "Top": 0.2005596160888672,
        "Height": 0.16754984855651855
      },
      "confidence": 99.99339294433594
    },
    "2cd68f15-929b-47f2-a0e3-05954a1a462e": {
      "fileId": "file_1755659989503_eavQhJ2RmP",
      "faceId": "2cd68f15-929b-47f2-a0e3-05954a1a462e",
      "boundingBox": {
        "Width": 0.1674138754606247,
        "Left": 0.104873888194561,
        "Top": 0.43081218004226685,
        "Height": 0.14232848584651947
      },
      "confidence": 99.99830627441406
    },
    "6151fb75-5c78-4c8a-ba6b-7f0c982e9f35": {
      "fileId": "file_1755659989503_eavQhJ2RmP",
      "faceId": "6151fb75-5c78-4c8a-ba6b-7f0c982e9f35",
      "boundingBox": {
        "Width": 0.11994685977697372,
        "Left": 0.3849034309387207,
        "Top": 0.3529006540775299,
        "Height": 0.12395171821117401
      },
      "confidence": 99.99887084960938
    },
    "c7648e0b-7bd9-4d54-bd7e-c52d7ae8d56b": {
      "fileId": "file_1755659989503_eavQhJ2RmP",
      "faceId": "c7648e0b-7bd9-4d54-bd7e-c52d7ae8d56b",
      "boundingBox": {
        "Width": 0.13680902123451233,
        "Left": 0.5438717603683472,
        "Top": 0.3632875680923462,
        "Height": 0.10413152724504471
      },
      "confidence": 99.99935913085938
    },
    "4aa7751b-c90c-4a41-aef6-074db274d959": {
      "fileId": "file_1755659989503_eavQhJ2RmP",
      "faceId": "4aa7751b-c90c-4a41-aef6-074db274d959",
      "boundingBox": {
        "Width": 0.12100842595100403,
        "Left": 0.7886688113212585,
        "Top": 0.3402285575866699,
        "Height": 0.11017812788486481
      },
      "confidence": 99.99349212646484
    }
  },
  "files": [
    "file_1755659985239_7le2TjzJGZ",
    "file_1755659986536_HA8cvhthi5",
    "file_1755659987594_8VOMGbAoEd",
    "file_1755659988640_Pa68yHCb0p",
    "file_1755659989503_eavQhJ2RmP"
  ]
}